Key,EN,ES,DE,FR,IT,PT
about,YES,YES,YES,YES,YES,YES
accentColor,YES,YES,YES,YES,YES,YES
accept,YES,YES,YES,YES,YES,YES
accessUnlimitedHoroscopes,YES,YES,YES,YES,YES,YES
accountAndSubscription,YES,YES,YES,YES,YES,YES
accountBenefitsSubtitle,YES,YES,YES,YES,YES,YES
accountBenefitsTitle,YES,YES,YES,YES,YES,YES
accountSection,YES,YES,YES,YES,YES,YES
accuracy,YES,YES,YES,YES,YES,YES
activatePremium,YES,YES,YES,YES,YES,YES
active,YES,YES,YES,YES,YES,YES
activeSubscription,YES,YES,YES,YES,YES,YES
active_activepredictionslength,YES,YES,YES,YES,YES,YES
add,YES,YES,YES,YES,YES,YES
addBirthDateForPersonalized,YES,YES,YES,YES,YES,YES
addPerson,YES,YES,YES,YES,YES,YES
additionalInfo,YES,YES,YES,YES,YES,YES
advanced,YES,YES,YES,YES,YES,YES
advancedAI,YES,YES,YES,YES,YES,YES
advancedAIInsights,YES,YES,YES,YES,YES,YES
advancedAIInsightsAndAnalysis,YES,YES,YES,YES,YES,YES
advancedMultidimensionalAnalysis,YES,YES,YES,YES,YES,YES
adventure,YES,YES,YES,YES,YES,YES
adventure_Sagittarius,YES,YES,YES,YES,YES,YES
advice,YES,YES,YES,YES,YES,YES
afternoon,YES,YES,YES,YES,YES,YES
age,YES,YES,YES,YES,YES,YES
ageSuffix,YES,YES,YES,YES,YES,YES
aiAnalysisInDevelopment,YES,YES,YES,YES,YES,YES
air,YES,YES,YES,YES,YES,YES
airActivities,YES,YES,YES,YES,YES,YES
airElementAdvice,YES,YES,YES,YES,YES,YES
airElementLowMood,YES,YES,YES,YES,YES,YES
airEnergyCommunicative,YES,YES,YES,YES,YES,YES
airEnergyMental,YES,YES,YES,YES,YES,YES
alert,YES,YES,YES,YES,YES,YES
alertPattern,YES,YES,YES,YES,YES,YES
all,YES,YES,YES,YES,YES,YES
allDataDeletedSuccessfully,YES,YES,YES,YES,YES,YES
allFeaturesUnlocked,YES,YES,YES,YES,YES,YES
alreadyPremium,YES,YES,YES,YES,YES,YES
alreadySubscribed,YES,YES,YES,YES,YES,YES
analyse8D,YES,YES,YES,YES,YES,YES
analyzingCosmicCompatibility,YES,YES,YES,YES,YES,YES
and,YES,YES,YES,YES,YES,YES
animations,YES,YES,YES,YES,YES,YES
anyAdditionalNotesAboutYourBirthDetailsOptional,YES,YES,YES,YES,YES,YES
appDescription,YES,YES,YES,YES,YES,YES
appInfo,YES,YES,YES,YES,YES,YES
appInstructions,YES,YES,YES,YES,YES,YES
appSettings,YES,YES,YES,YES,YES,YES
appTitle,YES,YES,YES,YES,YES,YES
appearance,YES,YES,YES,YES,YES,YES
appleSubscriptionHelp,YES,YES,YES,YES,YES,YES
applocalizationsofcontextpurchaseerrorE,YES,YES,YES,YES,YES,YES
apply,YES,YES,YES,YES,YES,YES
april,YES,YES,YES,YES,YES,YES
aquarius,YES,YES,YES,YES,YES,YES
aquariusDescription,YES,YES,YES,YES,YES,YES
areYouSure,YES,YES,YES,YES,YES,YES
areYouSureYouWantToSignOut,YES,YES,YES,YES,YES,YES
aries,YES,YES,YES,YES,YES,YES
ariesDescription,YES,YES,YES,YES,YES,YES
ascendantAdvice,YES,YES,YES,YES,YES,YES
ascendantError,YES,YES,YES,YES,YES,YES
ascendantHoroscope,YES,YES,YES,YES,YES,YES
ascendantRevealDescription,YES,YES,YES,YES,YES,YES
ascendantSign,YES,YES,YES,YES,YES,YES
ascendantTitle,YES,YES,YES,YES,YES,YES
astrologicalProfile,YES,YES,YES,YES,YES,YES
audioSettings,YES,YES,YES,YES,YES,YES
august,YES,YES,YES,YES,YES,YES
autoSync,YES,YES,YES,YES,YES,YES
autoTheme,YES,YES,YES,YES,YES,YES
automatic,YES,YES,YES,YES,YES,YES
available,YES,YES,YES,YES,YES,YES
availableOnlyForYou,YES,YES,YES,YES,YES,YES
azulVerde,YES,YES,YES,YES,YES,YES
back,YES,YES,YES,YES,YES,YES
backToHome,YES,YES,YES,YES,YES,YES
backgroundColor,YES,YES,YES,YES,YES,YES
backgroundMusic,YES,YES,YES,YES,YES,YES
backupComplete,YES,YES,YES,YES,YES,YES
backupData,YES,YES,YES,YES,YES,YES
backupDataDialog,YES,YES,YES,YES,YES,YES
backupFailed,YES,YES,YES,YES,YES,YES
balancedEnergy,YES,YES,YES,YES,YES,YES
basic,YES,YES,YES,YES,YES,YES
begin,YES,YES,YES,YES,YES,YES
beginner,YES,YES,YES,YES,YES,YES
bell,YES,YES,YES,YES,YES,YES
benefitBackupDescription,YES,YES,YES,YES,YES,YES
benefitBackupTitle,YES,YES,YES,YES,YES,YES
benefitFutureDescription,YES,YES,YES,YES,YES,YES
benefitFutureTitle,YES,YES,YES,YES,YES,YES
benefitPremiumDescription,YES,YES,YES,YES,YES,YES
benefitPremiumTitle,YES,YES,YES,YES,YES,YES
benefitSyncDescription,YES,YES,YES,YES,YES,YES
benefitSyncTitle,YES,YES,YES,YES,YES,YES
bestOffer,YES,YES,YES,YES,YES,YES
bestValue,YES,YES,YES,YES,YES,YES
birthDate,YES,YES,YES,YES,YES,YES
birthDateAndTimeSaved,YES,YES,YES,YES,YES,YES
birthDateExplanation,YES,YES,YES,YES,YES,YES
birthDateOptional,YES,YES,YES,YES,YES,YES
birthDateSaved,YES,YES,YES,YES,YES,YES
birthDateTitle,YES,YES,YES,YES,YES,YES
birthLocation,YES,YES,YES,YES,YES,YES
birthTime,YES,YES,YES,YES,YES,YES
birthTimeForAscendant,YES,YES,YES,YES,YES,YES
birthTimeSubtitle,YES,YES,YES,YES,YES,YES
birthTimeTitle,YES,YES,YES,YES,YES,YES
bornIn,YES,YES,YES,YES,YES,YES
brightness,YES,YES,YES,YES,YES,YES
bugFixes,YES,YES,YES,YES,YES,YES
businessCompatibility,YES,YES,YES,YES,YES,YES
butYouSelected,YES,YES,YES,YES,YES,YES
buyLifetime,YES,YES,YES,YES,YES,YES
cacheCleared,YES,YES,YES,YES,YES,YES
cachingData,YES,YES,YES,YES,YES,YES
calculateAscendant,YES,YES,YES,YES,YES,YES
calculateCompatibility,YES,YES,YES,YES,YES,YES
calculateYourAscendant,YES,YES,YES,YES,YES,YES
calculatingAscendant,YES,YES,YES,YES,YES,YES
cancel,YES,YES,YES,YES,YES,YES
cancelAnytime,YES,YES,YES,YES,YES,YES
cancelled,YES,YES,YES,YES,YES,YES
cancer,YES,YES,YES,YES,YES,YES
cancerDescription,YES,YES,YES,YES,YES,YES
capricorn,YES,YES,YES,YES,YES,YES
capricornDescription,YES,YES,YES,YES,YES,YES
card,YES,YES,YES,YES,YES,YES
cardinal,YES,YES,YES,YES,YES,YES
cardinalActivities,YES,YES,YES,YES,YES,YES
cardinalEnergyAdvice,YES,YES,YES,YES,YES,YES
cardinalModalityHigh,YES,YES,YES,YES,YES,YES
career,YES,YES,YES,YES,YES,YES
careerPath,YES,YES,YES,YES,YES,YES
career_Capricorn,YES,YES,YES,YES,YES,YES
celebration_adventure_1,YES,YES,YES,YES,YES,YES
celebration_adventure_2,YES,YES,YES,YES,YES,YES
celebration_adventure_3,YES,YES,YES,YES,YES,YES
celebration_career_1,YES,YES,YES,YES,YES,YES
celebration_career_2,YES,YES,YES,YES,YES,YES
celebration_career_3,YES,YES,YES,YES,YES,YES
celebration_creativity_1,YES,YES,YES,YES,YES,YES
celebration_creativity_2,YES,YES,YES,YES,YES,YES
celebration_creativity_3,YES,YES,YES,YES,YES,YES
celebration_finance_1,YES,YES,YES,YES,YES,YES
celebration_finance_2,YES,YES,YES,YES,YES,YES
celebration_finance_3,YES,YES,YES,YES,YES,YES
celebration_fitness_1,YES,YES,YES,YES,YES,YES
celebration_fitness_2,YES,YES,YES,YES,YES,YES
celebration_fitness_3,YES,YES,YES,YES,YES,YES
celebration_growth_1,YES,YES,YES,YES,YES,YES
celebration_growth_2,YES,YES,YES,YES,YES,YES
celebration_growth_3,YES,YES,YES,YES,YES,YES
celebration_healing_1,YES,YES,YES,YES,YES,YES
celebration_healing_2,YES,YES,YES,YES,YES,YES
celebration_healing_3,YES,YES,YES,YES,YES,YES
celebration_leadership_1,YES,YES,YES,YES,YES,YES
celebration_leadership_2,YES,YES,YES,YES,YES,YES
celebration_leadership_3,YES,YES,YES,YES,YES,YES
celebration_learning_1,YES,YES,YES,YES,YES,YES
celebration_learning_2,YES,YES,YES,YES,YES,YES
celebration_learning_3,YES,YES,YES,YES,YES,YES
celebration_mindfulness_1,YES,YES,YES,YES,YES,YES
celebration_mindfulness_2,YES,YES,YES,YES,YES,YES
celebration_mindfulness_3,YES,YES,YES,YES,YES,YES
celebration_nature_1,YES,YES,YES,YES,YES,YES
celebration_nature_2,YES,YES,YES,YES,YES,YES
celebration_nature_3,YES,YES,YES,YES,YES,YES
celebration_relationships_1,YES,YES,YES,YES,YES,YES
celebration_relationships_2,YES,YES,YES,YES,YES,YES
celebration_relationships_3,YES,YES,YES,YES,YES,YES
celebration_service_1,YES,YES,YES,YES,YES,YES
celebration_service_2,YES,YES,YES,YES,YES,YES
celebration_service_3,YES,YES,YES,YES,YES,YES
celebration_wellness_1,YES,YES,YES,YES,YES,YES
celebration_wellness_2,YES,YES,YES,YES,YES,YES
celebration_wellness_3,YES,YES,YES,YES,YES,YES
challenges,YES,YES,YES,YES,YES,YES
challengesToConsider,YES,YES,YES,YES,YES,YES
challenging,YES,YES,YES,YES,YES,YES
changeAppAppearance,YES,YES,YES,YES,YES,YES
changeDate,YES,YES,YES,YES,YES,YES
changePassword,YES,YES,YES,YES,YES,YES
changeSign,YES,YES,YES,YES,YES,YES
changeTime,YES,YES,YES,YES,YES,YES
checkCompatibility,YES,YES,YES,YES,YES,YES
checkConnection,YES,YES,YES,YES,YES,YES
checkForUpdates,YES,YES,YES,YES,YES,YES
chime,YES,YES,YES,YES,YES,YES
chooseNotificationSound,YES,YES,YES,YES,YES,YES
chooseSound,YES,YES,YES,YES,YES,YES
chooseVibration,YES,YES,YES,YES,YES,YES
chooseVibrationPattern,YES,YES,YES,YES,YES,YES
chooseYourPlan,YES,YES,YES,YES,YES,YES
cleanupComplete,YES,YES,YES,YES,YES,YES
cleanupData,YES,YES,YES,YES,YES,YES
clear,YES,YES,YES,YES,YES,YES
clearCache,YES,YES,YES,YES,YES,YES
clearData,YES,YES,YES,YES,YES,YES
clearDataDialog,YES,YES,YES,YES,YES,YES
close,YES,YES,YES,YES,YES,YES
colorPalette,YES,YES,YES,YES,YES,YES
colorTheme,YES,YES,YES,YES,YES,YES
comingSoon,YES,YES,YES,YES,YES,YES
coming_soon,YES,YES,YES,YES,YES,YES
commonIssues,YES,YES,YES,YES,YES,YES
compatibility,YES,YES,YES,YES,YES,YES
compatibilityAdvice,YES,YES,YES,YES,YES,YES
compatibilityAnalysis,YES,YES,YES,YES,YES,YES
compatibilityChallenge1,YES,YES,YES,YES,YES,YES
compatibilityChallenge2,YES,YES,YES,YES,YES,YES
compatibilityChallenge3,YES,YES,YES,YES,YES,YES
compatibilityChallenge4,YES,YES,YES,YES,YES,YES
compatibilityExcellent,YES,YES,YES,YES,YES,YES
compatibilityGood,YES,YES,YES,YES,YES,YES
compatibilityLow,YES,YES,YES,YES,YES,YES
compatibilityPremiumBonus,YES,YES,YES,YES,YES,YES
compatibilityRegular,YES,YES,YES,YES,YES,YES
compatibilityReportFor,YES,YES,YES,YES,YES,YES
compatibilityScore,YES,YES,YES,YES,YES,YES
compatibilityStrength1,YES,YES,YES,YES,YES,YES
compatibilityStrength2,YES,YES,YES,YES,YES,YES
compatibilityStrength3,YES,YES,YES,YES,YES,YES
compatibilityStrength4,YES,YES,YES,YES,YES,YES
compatibilityTimelineEvolution,YES,YES,YES,YES,YES,YES
compatibility_advice_build_trust,YES,YES,YES,YES,YES,YES
compatibility_advice_celebrate_passion,YES,YES,YES,YES,YES,YES
compatibility_advice_create_stability,YES,YES,YES,YES,YES,YES
compatibility_advice_cultivate_empathy,YES,YES,YES,YES,YES,YES
compatibility_advice_embrace_differences,YES,YES,YES,YES,YES,YES
compatibility_advice_find_middle_ground,YES,YES,YES,YES,YES,YES
compatibility_advice_honor_independence,YES,YES,YES,YES,YES,YES
compatibility_advice_patience_understanding,YES,YES,YES,YES,YES,YES
compatibility_advice_respect_timing,YES,YES,YES,YES,YES,YES
compatibility_advice_support_ambitions,YES,YES,YES,YES,YES,YES
compatibility_analysis_premium,YES,YES,YES,YES,YES,YES
compatibility_aries_aquarius_strength,YES,YES,YES,YES,YES,YES
compatibility_aries_aries_strength,YES,YES,YES,YES,YES,YES
compatibility_aries_cancer_strength,YES,YES,YES,YES,YES,YES
compatibility_aries_capricorn_strength,YES,YES,YES,YES,YES,YES
compatibility_aries_gemini_strength,YES,YES,YES,YES,YES,YES
compatibility_aries_leo_strength,YES,YES,YES,YES,YES,YES
compatibility_aries_libra_strength,YES,YES,YES,YES,YES,YES
compatibility_aries_pisces_strength,YES,YES,YES,YES,YES,YES
compatibility_aries_sagittarius_strength,YES,YES,YES,YES,YES,YES
compatibility_aries_scorpio_strength,YES,YES,YES,YES,YES,YES
compatibility_aries_taurus_strength,YES,YES,YES,YES,YES,YES
compatibility_aries_virgo_strength,YES,YES,YES,YES,YES,YES
compatibility_aspect_conjunction,YES,YES,YES,YES,YES,YES
compatibility_aspect_opposition,YES,YES,YES,YES,YES,YES
compatibility_aspect_quincunx,YES,YES,YES,YES,YES,YES
compatibility_aspect_semisextile,YES,YES,YES,YES,YES,YES
compatibility_aspect_sextile,YES,YES,YES,YES,YES,YES
compatibility_aspect_square,YES,YES,YES,YES,YES,YES
compatibility_aspect_trine,YES,YES,YES,YES,YES,YES
compatibility_challenge_adjust_expectations,YES,YES,YES,YES,YES,YES
compatibility_challenge_clashing_rhythms,YES,YES,YES,YES,YES,YES
compatibility_challenge_conflict_management,YES,YES,YES,YES,YES,YES
compatibility_challenge_decision_indecision,YES,YES,YES,YES,YES,YES
compatibility_challenge_different_approaches,YES,YES,YES,YES,YES,YES
compatibility_challenge_different_expectations,YES,YES,YES,YES,YES,YES
compatibility_challenge_ego_conflicts,YES,YES,YES,YES,YES,YES
compatibility_challenge_emotional_detachment,YES,YES,YES,YES,YES,YES
compatibility_challenge_emotional_sensitivity,YES,YES,YES,YES,YES,YES
compatibility_challenge_freedom_commitment,YES,YES,YES,YES,YES,YES
compatibility_challenge_fundamental_differences,YES,YES,YES,YES,YES,YES
compatibility_challenge_impulsive_decisions,YES,YES,YES,YES,YES,YES
compatibility_challenge_inconsistent_moods,YES,YES,YES,YES,YES,YES
compatibility_challenge_jealousy_possessiveness,YES,YES,YES,YES,YES,YES
compatibility_challenge_need_mutual_understanding,YES,YES,YES,YES,YES,YES
compatibility_challenge_perfectionist_critique,YES,YES,YES,YES,YES,YES
compatibility_challenge_personality_clashes,YES,YES,YES,YES,YES,YES
compatibility_challenge_practical_dreams,YES,YES,YES,YES,YES,YES
compatibility_challenge_priority_differences,YES,YES,YES,YES,YES,YES
compatibility_challenge_push_and_pull,YES,YES,YES,YES,YES,YES
compatibility_challenge_stubborn_tendencies,YES,YES,YES,YES,YES,YES
compatibility_challenge_work_life_balance,YES,YES,YES,YES,YES,YES
compatibility_challenging_conscious_work,YES,YES,YES,YES,YES,YES
compatibility_challenging_relationship,YES,YES,YES,YES,YES,YES
compatibility_challenging_style_patience,YES,YES,YES,YES,YES,YES
compatibility_complex_growth_potential,YES,YES,YES,YES,YES,YES
compatibility_date_active_class_dance_box,YES,YES,YES,YES,YES,YES
compatibility_date_classic_with_personal_twist,YES,YES,YES,YES,YES,YES
compatibility_date_cooking_together_movie,YES,YES,YES,YES,YES,YES
compatibility_date_cooperation_activity_escape_room,YES,YES,YES,YES,YES,YES
compatibility_date_diy_project_defined_roles,YES,YES,YES,YES,YES,YES
compatibility_date_hiking_adrenaline,YES,YES,YES,YES,YES,YES
compatibility_date_intimate_dinner_home,YES,YES,YES,YES,YES,YES
compatibility_date_museum_art_intimate_chat,YES,YES,YES,YES,YES,YES
compatibility_date_restaurant_atmosphere_financial_plan,YES,YES,YES,YES,YES,YES
compatibility_date_spa_nature_day,YES,YES,YES,YES,YES,YES
compatibility_date_urban_event_after,YES,YES,YES,YES,YES,YES
compatibility_element_air,YES,YES,YES,YES,YES,YES
compatibility_element_earth,YES,YES,YES,YES,YES,YES
compatibility_element_fire,YES,YES,YES,YES,YES,YES
compatibility_element_water,YES,YES,YES,YES,YES,YES
compatibility_elevated_chemistry,YES,YES,YES,YES,YES,YES
compatibility_exceptional_natural_harmony,YES,YES,YES,YES,YES,YES
compatibility_gemini_aquarius_strength,YES,YES,YES,YES,YES,YES
compatibility_gemini_cancer_strength,YES,YES,YES,YES,YES,YES
compatibility_gemini_capricorn_strength,YES,YES,YES,YES,YES,YES
compatibility_gemini_gemini_strength,YES,YES,YES,YES,YES,YES
compatibility_gemini_leo_strength,YES,YES,YES,YES,YES,YES
compatibility_gemini_libra_strength,YES,YES,YES,YES,YES,YES
compatibility_gemini_pisces_strength,YES,YES,YES,YES,YES,YES
compatibility_gemini_sagittarius_strength,YES,YES,YES,YES,YES,YES
compatibility_gemini_scorpio_strength,YES,YES,YES,YES,YES,YES
compatibility_gemini_virgo_strength,YES,YES,YES,YES,YES,YES
compatibility_harmonious_flow,YES,YES,YES,YES,YES,YES
compatibility_high_affinity_elemental_resonance,YES,YES,YES,YES,YES,YES
compatibility_hook_challenge_that_transforms,YES,YES,YES,YES,YES,YES
compatibility_hook_chemistry_you_feel,YES,YES,YES,YES,YES,YES
compatibility_hook_complements_that_add,YES,YES,YES,YES,YES,YES
compatibility_hook_creative_friction,YES,YES,YES,YES,YES,YES
compatibility_hook_effortless_flow,YES,YES,YES,YES,YES,YES
compatibility_hook_instant_magnetism,YES,YES,YES,YES,YES,YES
compatibility_hook_negotiate_to_grow,YES,YES,YES,YES,YES,YES
compatibility_hook_shared_rhythm,YES,YES,YES,YES,YES,YES
compatibility_hook_spark_and_clash,YES,YES,YES,YES,YES,YES
compatibility_intense_magnetic_connection,YES,YES,YES,YES,YES,YES
compatibility_interesting_complement_duplicated_energy,YES,YES,YES,YES,YES,YES
compatibility_modality_cardinal,YES,YES,YES,YES,YES,YES
compatibility_modality_fixed,YES,YES,YES,YES,YES,YES
compatibility_modality_mutable,YES,YES,YES,YES,YES,YES
compatibility_perfect_balance,YES,YES,YES,YES,YES,YES
compatibility_sign_aquarius,YES,YES,YES,YES,YES,YES
compatibility_sign_aries,YES,YES,YES,YES,YES,YES
compatibility_sign_cancer,YES,YES,YES,YES,YES,YES
compatibility_sign_capricorn,YES,YES,YES,YES,YES,YES
compatibility_sign_gemini,YES,YES,YES,YES,YES,YES
compatibility_sign_leo,YES,YES,YES,YES,YES,YES
compatibility_sign_libra,YES,YES,YES,YES,YES,YES
compatibility_sign_pisces,YES,YES,YES,YES,YES,YES
compatibility_sign_sagittarius,YES,YES,YES,YES,YES,YES
compatibility_sign_scorpio,YES,YES,YES,YES,YES,YES
compatibility_sign_taurus,YES,YES,YES,YES,YES,YES
compatibility_sign_virgo,YES,YES,YES,YES,YES,YES
compatibility_strength_360_perspective,YES,YES,YES,YES,YES,YES
compatibility_strength_adventurous_spirit,YES,YES,YES,YES,YES,YES
compatibility_strength_ambitious_goals,YES,YES,YES,YES,YES,YES
compatibility_strength_common_language,YES,YES,YES,YES,YES,YES
compatibility_strength_complementary_potential,YES,YES,YES,YES,YES,YES
compatibility_strength_creative_confidence,YES,YES,YES,YES,YES,YES
compatibility_strength_dynamic_adventure,YES,YES,YES,YES,YES,YES
compatibility_strength_emotional_support,YES,YES,YES,YES,YES,YES
compatibility_strength_fun_and_movement,YES,YES,YES,YES,YES,YES
compatibility_strength_harmonious_balance,YES,YES,YES,YES,YES,YES
compatibility_strength_initiative_and_vision,YES,YES,YES,YES,YES,YES
compatibility_strength_innovative_vision,YES,YES,YES,YES,YES,YES
compatibility_strength_intellectual_stimulation,YES,YES,YES,YES,YES,YES
compatibility_strength_intuitive_empathy,YES,YES,YES,YES,YES,YES
compatibility_strength_magnetic_chemistry,YES,YES,YES,YES,YES,YES
compatibility_strength_natural_flow,YES,YES,YES,YES,YES,YES
compatibility_strength_nurturing_protection,YES,YES,YES,YES,YES,YES
compatibility_strength_passionate_intensity,YES,YES,YES,YES,YES,YES
compatibility_strength_practical_reliability,YES,YES,YES,YES,YES,YES
compatibility_strength_project_and_care,YES,YES,YES,YES,YES,YES
compatibility_strength_similar_values,YES,YES,YES,YES,YES,YES
compatibility_strong_affinity,YES,YES,YES,YES,YES,YES
compatibility_summary_air_air,YES,YES,YES,YES,YES,YES
compatibility_summary_air_water,YES,YES,YES,YES,YES,YES
compatibility_summary_earth_air,YES,YES,YES,YES,YES,YES
compatibility_summary_earth_earth,YES,YES,YES,YES,YES,YES
compatibility_summary_earth_water,YES,YES,YES,YES,YES,YES
compatibility_summary_fire_air,YES,YES,YES,YES,YES,YES
compatibility_summary_fire_earth,YES,YES,YES,YES,YES,YES
compatibility_summary_fire_fire,YES,YES,YES,YES,YES,YES
compatibility_summary_fire_water,YES,YES,YES,YES,YES,YES
compatibility_summary_water_water,YES,YES,YES,YES,YES,YES
compatibility_taurus_aquarius_strength,YES,YES,YES,YES,YES,YES
compatibility_taurus_cancer_strength,YES,YES,YES,YES,YES,YES
compatibility_taurus_capricorn_strength,YES,YES,YES,YES,YES,YES
compatibility_taurus_gemini_strength,YES,YES,YES,YES,YES,YES
compatibility_taurus_leo_strength,YES,YES,YES,YES,YES,YES
compatibility_taurus_libra_strength,YES,YES,YES,YES,YES,YES
compatibility_taurus_pisces_strength,YES,YES,YES,YES,YES,YES
compatibility_taurus_sagittarius_strength,YES,YES,YES,YES,YES,YES
compatibility_taurus_scorpio_strength,YES,YES,YES,YES,YES,YES
compatibility_taurus_taurus_strength,YES,YES,YES,YES,YES,YES
compatibility_taurus_virgo_strength,YES,YES,YES,YES,YES,YES
compatibility_tip_accept_differences,YES,YES,YES,YES,YES,YES
compatibility_tip_channel_energy_shared_goals,YES,YES,YES,YES,YES,YES
compatibility_tip_conscious_commitment,YES,YES,YES,YES,YES,YES
compatibility_tip_define_discussion_reconciliation_rules,YES,YES,YES,YES,YES,YES
compatibility_tip_establish_clear_roles_times,YES,YES,YES,YES,YES,YES
compatibility_tip_extra_conscious_communication,YES,YES,YES,YES,YES,YES
compatibility_tip_find_common_ground,YES,YES,YES,YES,YES,YES
compatibility_tip_make_decisions_explicit,YES,YES,YES,YES,YES,YES
compatibility_tip_mutual_patience,YES,YES,YES,YES,YES,YES
compatibility_tip_practical_agreements_and_calendar,YES,YES,YES,YES,YES,YES
compatibility_tip_value_differences,YES,YES,YES,YES,YES,YES
compatibility_tip_weekly_emotional_checkins,YES,YES,YES,YES,YES,YES
compatibility_unique_dynamics,YES,YES,YES,YES,YES,YES
completeAccessToAdvancedInsights,YES,YES,YES,YES,YES,YES
completeProfile,YES,YES,YES,YES,YES,YES
completed,YES,YES,YES,YES,YES,YES
confiado,YES,YES,YES,YES,YES,YES
configurationRequired,YES,YES,YES,YES,YES,YES
configureBirthDate,YES,YES,YES,YES,YES,YES
configureDateAndTime,YES,YES,YES,YES,YES,YES
configuredForBirthDate,YES,YES,YES,YES,YES,YES
confirm,YES,YES,YES,YES,YES,YES
confirmPassword,YES,YES,YES,YES,YES,YES
confirmSelection,YES,YES,YES,YES,YES,YES
connected,YES,YES,YES,YES,YES,YES
connectionLost,YES,YES,YES,YES,YES,YES
considerExploringNewChallenges,YES,YES,YES,YES,YES,YES
considerReviewingSleepHabits,YES,YES,YES,YES,YES,YES
considerStressManagement,YES,YES,YES,YES,YES,YES
consultingStars,YES,YES,YES,YES,YES,YES
contactSupport,YES,YES,YES,YES,YES,YES
contactUs,YES,YES,YES,YES,YES,YES
continueButton,YES,YES,YES,YES,YES,YES
continueCheckIns,YES,YES,YES,YES,YES,YES
continueCheckInsForEvolution,YES,YES,YES,YES,YES,YES
continueTrackingPatterns,YES,YES,YES,YES,YES,YES
contrast,YES,YES,YES,YES,YES,YES
correctNow,YES,YES,YES,YES,YES,YES
cosmicAIState,YES,YES,YES,YES,YES,YES
cosmicAdvice,YES,YES,YES,YES,YES,YES
cosmicAiStatus,YES,YES,YES,YES,YES,YES
cosmicChime,YES,YES,YES,YES,YES,YES
cosmicCoachPremiumDesc,YES,YES,YES,YES,YES,YES
cosmicConsistency,YES,YES,YES,YES,YES,YES
cosmicLifeCoach,YES,YES,YES,YES,YES,YES
cosmicMastery,YES,YES,YES,YES,YES,YES
cosmicTier,YES,YES,YES,YES,YES,YES
createAStrongPassword,YES,YES,YES,YES,YES,YES
createAccountToSync,YES,YES,YES,YES,YES,YES
createItem,YES,YES,YES,YES,YES,YES
createPrediction,YES,YES,YES,YES,YES,YES
creativity,YES,YES,YES,YES,YES,YES
creativity_Leo,YES,YES,YES,YES,YES,YES
creativity_Pisces,YES,YES,YES,YES,YES,YES
credits,YES,YES,YES,YES,YES,YES
csvExportFeatureComingSoon,YES,YES,YES,YES,YES,YES
currentLifeStage,YES,YES,YES,YES,YES,YES
current_streak_label,YES,YES,YES,YES,YES,YES
custom,YES,YES,YES,YES,YES,YES
customColors,YES,YES,YES,YES,YES,YES
customRecommendations,YES,YES,YES,YES,YES,YES
customTheme,YES,YES,YES,YES,YES,YES
customizeYourSign,YES,YES,YES,YES,YES,YES
daily,YES,YES,YES,YES,YES,YES
dailyCosmicAdvice,YES,YES,YES,YES,YES,YES
dailyCosmicCheckIn,YES,YES,YES,YES,YES,YES
dailyCosmicMessage,YES,YES,YES,YES,YES,YES
dailyHoroscope,YES,YES,YES,YES,YES,YES
dailyHoroscopeNotification,YES,YES,YES,YES,YES,YES
darkMode,YES,YES,YES,YES,YES,YES
darkTheme,YES,YES,YES,YES,YES,YES
dataAndPrivacy,YES,YES,YES,YES,YES,YES
dataDeletedSuccessfully,YES,YES,YES,YES,YES,YES
dataExportWillBeImplementedHere,YES,YES,YES,YES,YES,YES
dataExported,YES,YES,YES,YES,YES,YES
dataExportedSuccessfully,YES,YES,YES,YES,YES,YES
dataStored,YES,YES,YES,YES,YES,YES
dataSync,YES,YES,YES,YES,YES,YES
dataWeCollect,YES,YES,YES,YES,YES,YES
dateConfigured,YES,YES,YES,YES,YES,YES
dateNotSelected,YES,YES,YES,YES,YES,YES
dates,YES,YES,YES,YES,YES,YES
days,YES,YES,YES,YES,YES,YES
daysRemaining,YES,YES,YES,YES,YES,YES
december,YES,YES,YES,YES,YES,YES
decline,YES,YES,YES,YES,YES,YES
deepPatternAnalysis,YES,YES,YES,YES,YES,YES
deepPatternAnalysisText,YES,YES,YES,YES,YES,YES
defaultColors,YES,YES,YES,YES,YES,YES
defaultCosmicAdvice,YES,YES,YES,YES,YES,YES
defaultNotificationBody,YES,YES,YES,YES,YES,YES
defaults,YES,YES,YES,YES,YES,YES
deleteAccount,YES,YES,YES,YES,YES,YES
deleteAll,YES,YES,YES,YES,YES,YES
deleteAllData,YES,YES,YES,YES,YES,YES
deleteItem,YES,YES,YES,YES,YES,YES
deleteItemLocalConfiguration,YES,YES,YES,YES,YES,YES
deleteLocalConfiguration,YES,YES,YES,YES,YES,YES
deleteWarning,YES,YES,YES,YES,YES,YES
describe,YES,YES,YES,YES,YES,YES
describeWhatActuallyHappened,YES,YES,YES,YES,YES,YES
description,YES,YES,YES,YES,YES,YES
descriptionNotAvailable,YES,YES,YES,YES,YES,YES
deselect,YES,YES,YES,YES,YES,YES
detailedAnalysis,YES,YES,YES,YES,YES,YES
detailedAnalytics,YES,YES,YES,YES,YES,YES
detailedDailyHoroscopes,YES,YES,YES,YES,YES,YES
detailedHoroscope,YES,YES,YES,YES,YES,YES
details,YES,YES,YES,YES,YES,YES
detailsByArea,YES,YES,YES,YES,YES,YES
developedWithLove,YES,YES,YES,YES,YES,YES
developerInfo,YES,YES,YES,YES,YES,YES
disabled,YES,YES,YES,YES,YES,YES
discoverCompatibility,YES,YES,YES,YES,YES,YES
discoverCosmicMask,YES,YES,YES,YES,YES,YES
discoverUniquePatterns,YES,YES,YES,YES,YES,YES
discoverYourAscendant,YES,YES,YES,YES,YES,YES
displayNameOptional,YES,YES,YES,YES,YES,YES
displaySettings,YES,YES,YES,YES,YES,YES
doCheckIn,YES,YES,YES,YES,YES,YES
done,YES,YES,YES,YES,YES,YES
downloadData,YES,YES,YES,YES,YES,YES
downloadMyData,YES,YES,YES,YES,YES,YES
downloadUpdate,YES,YES,YES,YES,YES,YES
download_now,YES,YES,YES,YES,YES,YES
downloading,YES,YES,YES,YES,YES,YES
earth,YES,YES,YES,YES,YES,YES
earthActivities,YES,YES,YES,YES,YES,YES
earthElementAdvice,YES,YES,YES,YES,YES,YES
earthElementLowFocus,YES,YES,YES,YES,YES,YES
earthEnergyProductive,YES,YES,YES,YES,YES,YES
earthEnergyStable,YES,YES,YES,YES,YES,YES
edit,YES,YES,YES,YES,YES,YES
editBirth,YES,YES,YES,YES,YES,YES
editBirthInformation,YES,YES,YES,YES,YES,YES
editProfile,YES,YES,YES,YES,YES,YES
effects,YES,YES,YES,YES,YES,YES
element,YES,YES,YES,YES,YES,YES
elementalAnalysis,YES,YES,YES,YES,YES,YES
email,YES,YES,YES,YES,YES,YES
emailSupport,YES,YES,YES,YES,YES,YES
emotionalPatternsHealthyVariation,YES,YES,YES,YES,YES,YES
emotionalPatternsSignificantVariation,YES,YES,YES,YES,YES,YES
emotionalPatternsVeryStable,YES,YES,YES,YES,YES,YES
enableNotificationPermission,YES,YES,YES,YES,YES,YES
enabled,YES,YES,YES,YES,YES,YES
endUserLicenseAgreement,YES,YES,YES,YES,YES,YES
energiesOfTheDay,YES,YES,YES,YES,YES,YES
energy,YES,YES,YES,YES,YES,YES
english,YES,YES,YES,YES,YES,YES
enjoyAllExclusiveFeatures,YES,YES,YES,YES,YES,YES
enjoyExclusiveFeatures,YES,YES,YES,YES,YES,YES
enjoyingAllFeatures,YES,YES,YES,YES,YES,YES
enterYourEmailAddress,YES,YES,YES,YES,YES,YES
enterYourPassword,YES,YES,YES,YES,YES,YES
entrykeyEntryvalue,YES,YES,YES,YES,YES,YES
error,YES,YES,YES,YES,YES,YES
errorActivatingPremium,YES,YES,YES,YES,YES,YES
errorAlActivarPruebaGratuitaE,YES,YES,YES,YES,YES,YES
errorAlRestaurarComprasE,YES,YES,YES,YES,YES,YES
errorGenerandoPdfE,YES,YES,YES,YES,YES,YES
errorInitiatingPurchase,YES,YES,YES,YES,YES,YES
errorLoadingHoroscope,YES,YES,YES,YES,YES,YES
errorLoadingProducts,YES,YES,YES,YES,YES,YES
errorProcessingSuccessfulPurchase,YES,YES,YES,YES,YES,YES
errorRestoringPurchases,YES,YES,YES,YES,YES,YES
errorSelectingLanguagePleaseTryAgain,YES,YES,YES,YES,YES,YES
evening,YES,YES,YES,YES,YES,YES
excellent,YES,YES,YES,YES,YES,YES
excellentCompatibility,YES,YES,YES,YES,YES,YES
excellentConcentrationCapacity,YES,YES,YES,YES,YES,YES
excellentConnection,YES,YES,YES,YES,YES,YES
exclusiveFeatures,YES,YES,YES,YES,YES,YES
exit,YES,YES,YES,YES,YES,YES
expert,YES,YES,YES,YES,YES,YES
explore,YES,YES,YES,YES,YES,YES
exploringEnergy,YES,YES,YES,YES,YES,YES
exploringYourEnergy,YES,YES,YES,YES,YES,YES
exportData,YES,YES,YES,YES,YES,YES
exportDataSummary,YES,YES,YES,YES,YES,YES
exportFailed,YES,YES,YES,YES,YES,YES
exportReady,YES,YES,YES,YES,YES,YES
exportSummary,YES,YES,YES,YES,YES,YES
exportYourAccountData,YES,YES,YES,YES,YES,YES
extendedProgressTracking,YES,YES,YES,YES,YES,YES
extendedProgressTrackingText,YES,YES,YES,YES,YES,YES
failed,YES,YES,YES,YES,YES,YES
failedToGetCurrentLocationE,YES,YES,YES,YES,YES,YES
failedToLoadDataE,YES,YES,YES,YES,YES,YES
failedToSaveSettingsPleaseTryAgain,YES,YES,YES,YES,YES,YES
failedToSendTestNotification,YES,YES,YES,YES,YES,YES
failedToSubmitVerificationPleaseTryAgain,YES,YES,YES,YES,YES,YES
fair,YES,YES,YES,YES,YES,YES
family,YES,YES,YES,YES,YES,YES
faq,YES,YES,YES,YES,YES,YES
faqAndTutorials,YES,YES,YES,YES,YES,YES
feature1,YES,YES,YES,YES,YES,YES
feature10,YES,YES,YES,YES,YES,YES
feature11,YES,YES,YES,YES,YES,YES
feature12,YES,YES,YES,YES,YES,YES
feature13,YES,YES,YES,YES,YES,YES
feature14,YES,YES,YES,YES,YES,YES
feature15,YES,YES,YES,YES,YES,YES
feature2,YES,YES,YES,YES,YES,YES
feature3,YES,YES,YES,YES,YES,YES
feature4,YES,YES,YES,YES,YES,YES
feature5,YES,YES,YES,YES,YES,YES
feature6,YES,YES,YES,YES,YES,YES
feature7,YES,YES,YES,YES,YES,YES
feature8,YES,YES,YES,YES,YES,YES
feature9,YES,YES,YES,YES,YES,YES
featureAIInsights10,YES,YES,YES,YES,YES,YES
featureAdFree,YES,YES,YES,YES,YES,YES
featureAdvancedCompatibility,YES,YES,YES,YES,YES,YES
featureAllCosmicIncluded,YES,YES,YES,YES,YES,YES
featureCrisisAI,YES,YES,YES,YES,YES,YES
featureDetailedForecasts,YES,YES,YES,YES,YES,YES
featureFullCompatibility,YES,YES,YES,YES,YES,YES
featureFutureUpdates,YES,YES,YES,YES,YES,YES
featureHighPriorityAI,YES,YES,YES,YES,YES,YES
featureLifetimeAccess,YES,YES,YES,YES,YES,YES
featureNoRecurring,YES,YES,YES,YES,YES,YES
featurePDFExport,YES,YES,YES,YES,YES,YES
featurePredictionsDashboard,YES,YES,YES,YES,YES,YES
featurePremiumTiming,YES,YES,YES,YES,YES,YES
featurePriorityContent,YES,YES,YES,YES,YES,YES
featurePrioritySupport,YES,YES,YES,YES,YES,YES
featureUnlimitedAI,YES,YES,YES,YES,YES,YES
featureUnlimitedCoaching,YES,YES,YES,YES,YES,YES
features,YES,YES,YES,YES,YES,YES
february,YES,YES,YES,YES,YES,YES
feedback,YES,YES,YES,YES,YES,YES
feedbackMessage,YES,YES,YES,YES,YES,YES
fileFormat,YES,YES,YES,YES,YES,YES
fileSelected,YES,YES,YES,YES,YES,YES
filter,YES,YES,YES,YES,YES,YES
finance,YES,YES,YES,YES,YES,YES
finance_Capricorn,YES,YES,YES,YES,YES,YES
finance_Taurus,YES,YES,YES,YES,YES,YES
finish,YES,YES,YES,YES,YES,YES
fire,YES,YES,YES,YES,YES,YES
fireActivities,YES,YES,YES,YES,YES,YES
fireElementAdvice,YES,YES,YES,YES,YES,YES
fireElementLowEnergy,YES,YES,YES,YES,YES,YES
fireEnergyMorning,YES,YES,YES,YES,YES,YES
fireEnergySustained,YES,YES,YES,YES,YES,YES
firstImpression,YES,YES,YES,YES,YES,YES
firstQuarter,YES,YES,YES,YES,YES,YES
firstSign,YES,YES,YES,YES,YES,YES
fitness,YES,YES,YES,YES,YES,YES
fitness_Aries,YES,YES,YES,YES,YES,YES
fixed,YES,YES,YES,YES,YES,YES
fixedActivities,YES,YES,YES,YES,YES,YES
fixedModalityHigh,YES,YES,YES,YES,YES,YES
fixedNatureAdvice,YES,YES,YES,YES,YES,YES
focus,YES,YES,YES,YES,YES,YES
focusActivities,YES,YES,YES,YES,YES,YES
focusConsistencyKeyAreas,YES,YES,YES,YES,YES,YES
focusImprovingConsistently,YES,YES,YES,YES,YES,YES
followUs,YES,YES,YES,YES,YES,YES
fontSize,YES,YES,YES,YES,YES,YES
fontStyle,YES,YES,YES,YES,YES,YES
freeSpace,YES,YES,YES,YES,YES,YES
freeTrial,YES,YES,YES,YES,YES,YES
freeUser,YES,YES,YES,YES,YES,YES
freeVersion,YES,YES,YES,YES,YES,YES
french,YES,YES,YES,YES,YES,YES
friday,YES,YES,YES,YES,YES,YES
fridayShort,YES,YES,YES,YES,YES,YES
friendship,YES,YES,YES,YES,YES,YES
friendshipCompatibility,YES,YES,YES,YES,YES,YES
friendships,YES,YES,YES,YES,YES,YES
fullAccessToAllFeatures,YES,YES,YES,YES,YES,YES
fullMoon,YES,YES,YES,YES,YES,YES
fullMoonAdvice,YES,YES,YES,YES,YES,YES
fullMoonPhase,YES,YES,YES,YES,YES,YES
fullUserControl,YES,YES,YES,YES,YES,YES
fullVersionAvailable,YES,YES,YES,YES,YES,YES
gdprAcceptAll,YES,YES,YES,YES,YES,YES
gdprAcceptSelected,YES,YES,YES,YES,YES,YES
gdprAnalyticsDescription,YES,YES,YES,YES,YES,YES
gdprAnalyticsTitle,YES,YES,YES,YES,YES,YES
gdprConsentDescription,YES,YES,YES,YES,YES,YES
gdprConsentExpired,YES,YES,YES,YES,YES,YES
gdprConsentRequired,YES,YES,YES,YES,YES,YES
gdprConsentSubtitle,YES,YES,YES,YES,YES,YES
gdprConsentTitle,YES,YES,YES,YES,YES,YES
gdprConsentUpdated,YES,YES,YES,YES,YES,YES
gdprConsentWithdrawn,YES,YES,YES,YES,YES,YES
gdprContactForRights,YES,YES,YES,YES,YES,YES
gdprDataBirthInfo,YES,YES,YES,YES,YES,YES
gdprDataDeleted,YES,YES,YES,YES,YES,YES
gdprDataDevice,YES,YES,YES,YES,YES,YES
gdprDataExported,YES,YES,YES,YES,YES,YES
gdprDataPreferences,YES,YES,YES,YES,YES,YES
gdprDataTypes,YES,YES,YES,YES,YES,YES
gdprDataUsage,YES,YES,YES,YES,YES,YES
gdprDeclineAll,YES,YES,YES,YES,YES,YES
gdprEssentialDescription,YES,YES,YES,YES,YES,YES
gdprEssentialTitle,YES,YES,YES,YES,YES,YES
gdprLearnMore,YES,YES,YES,YES,YES,YES
gdprManagePreferences,YES,YES,YES,YES,YES,YES
gdprMarketingDescription,YES,YES,YES,YES,YES,YES
gdprMarketingTitle,YES,YES,YES,YES,YES,YES
gdprPersonalizationDescription,YES,YES,YES,YES,YES,YES
gdprPersonalizationTitle,YES,YES,YES,YES,YES,YES
gdprRightAccess,YES,YES,YES,YES,YES,YES
gdprRightErase,YES,YES,YES,YES,YES,YES
gdprRightPortability,YES,YES,YES,YES,YES,YES
gdprRightRectify,YES,YES,YES,YES,YES,YES
gdprRightWithdraw,YES,YES,YES,YES,YES,YES
gdprThirdPartyDescription,YES,YES,YES,YES,YES,YES
gdprThirdPartyTitle,YES,YES,YES,YES,YES,YES
gdprYourRights,YES,YES,YES,YES,YES,YES
gemini,YES,YES,YES,YES,YES,YES
geminiDescription,YES,YES,YES,YES,YES,YES
generalCompatibility,YES,YES,YES,YES,YES,YES
generateProfessionalReports,YES,YES,YES,YES,YES,YES
generate_button,YES,YES,YES,YES,YES,YES
generating,YES,YES,YES,YES,YES,YES
gentleBell,YES,YES,YES,YES,YES,YES
gentlePulse,YES,YES,YES,YES,YES,YES
german,YES,YES,YES,YES,YES,YES
getAdvancedInsights,YES,YES,YES,YES,YES,YES
getZodiacDescription,YES,YES,YES,YES,YES,YES
getZodiacSignName,YES,YES,YES,YES,YES,YES
gettingStarted,YES,YES,YES,YES,YES,YES
goToSettings,YES,YES,YES,YES,YES,YES
goal_completed_success,YES,YES,YES,YES,YES,YES
goals_empty_state,YES,YES,YES,YES,YES,YES
good,YES,YES,YES,YES,YES,YES
goodCompatibility,YES,YES,YES,YES,YES,YES
graphics,YES,YES,YES,YES,YES,YES
grid,YES,YES,YES,YES,YES,YES
growth,YES,YES,YES,YES,YES,YES
growth_Aquarius,YES,YES,YES,YES,YES,YES
growth_Scorpio,YES,YES,YES,YES,YES,YES
healing,YES,YES,YES,YES,YES,YES
healing_Scorpio,YES,YES,YES,YES,YES,YES
health,YES,YES,YES,YES,YES,YES
helpCenter,YES,YES,YES,YES,YES,YES
helpMeKnowYouBetter,YES,YES,YES,YES,YES,YES
helpUsImproveApp,YES,YES,YES,YES,YES,YES
highQuality,YES,YES,YES,YES,YES,YES
history,YES,YES,YES,YES,YES,YES
history_verifiedpredictionslength,YES,YES,YES,YES,YES,YES
horoscope,YES,YES,YES,YES,YES,YES
hour,YES,YES,YES,YES,YES,YES
howAccurateAdvice,YES,YES,YES,YES,YES,YES
howIsYourEnergyLevel,YES,YES,YES,YES,YES,YES
howIsYourFocus,YES,YES,YES,YES,YES,YES
howIsYourMood,YES,YES,YES,YES,YES,YES
howShouldWeCallYou,YES,YES,YES,YES,YES,YES
howToUse,YES,YES,YES,YES,YES,YES
howToUseApp,YES,YES,YES,YES,YES,YES
howUsefulWasAdvice,YES,YES,YES,YES,YES,YES
howWeProtect,YES,YES,YES,YES,YES,YES
howWeProtectYourInfo,YES,YES,YES,YES,YES,YES
importComplete,YES,YES,YES,YES,YES,YES
importData,YES,YES,YES,YES,YES,YES
importFailed,YES,YES,YES,YES,YES,YES
improvePerformance,YES,YES,YES,YES,YES,YES
improvement,YES,YES,YES,YES,YES,YES
improvements,YES,YES,YES,YES,YES,YES
includes,YES,YES,YES,YES,YES,YES
inconsistencyDetected,YES,YES,YES,YES,YES,YES
inconsistencyResolved,YES,YES,YES,YES,YES,YES
inconsistencyTitle,YES,YES,YES,YES,YES,YES
info,YES,YES,YES,YES,YES,YES
installComplete,YES,YES,YES,YES,YES,YES
installFailed,YES,YES,YES,YES,YES,YES
install_now,YES,YES,YES,YES,YES,YES
installing,YES,YES,YES,YES,YES,YES
insufficientDataForAnalysis,YES,YES,YES,YES,YES,YES
intermediate,YES,YES,YES,YES,YES,YES
invalidFile,YES,YES,YES,YES,YES,YES
italian,YES,YES,YES,YES,YES,YES
january,YES,YES,YES,YES,YES,YES
july,YES,YES,YES,YES,YES,YES
june,YES,YES,YES,YES,YES,YES
jupiter,YES,YES,YES,YES,YES,YES
jupiterianExpansive,YES,YES,YES,YES,YES,YES
keepCurrentSign,YES,YES,YES,YES,YES,YES
keepMonitoringPatterns,YES,YES,YES,YES,YES,YES
keepTrackingDailyPatterns,YES,YES,YES,YES,YES,YES
keyWords,YES,YES,YES,YES,YES,YES
keywords,YES,YES,YES,YES,YES,YES
knowingYourPatterns,YES,YES,YES,YES,YES,YES
knowledgeLevel,YES,YES,YES,YES,YES,YES
language,YES,YES,YES,YES,YES,YES
languageChanged,YES,YES,YES,YES,YES,YES
languageChangedSuccessfully,YES,YES,YES,YES,YES,YES
languagePreference,YES,YES,YES,YES,YES,YES
lastQuarter,YES,YES,YES,YES,YES,YES
lastSync,YES,YES,YES,YES,YES,YES
leadership,YES,YES,YES,YES,YES,YES
leadership_Leo,YES,YES,YES,YES,YES,YES
learning,YES,YES,YES,YES,YES,YES
learningProgress,YES,YES,YES,YES,YES,YES
learning_Gemini,YES,YES,YES,YES,YES,YES
learning_Sagittarius,YES,YES,YES,YES,YES,YES
legalInformation,YES,YES,YES,YES,YES,YES
leo,YES,YES,YES,YES,YES,YES
leoDescription,YES,YES,YES,YES,YES,YES
libra,YES,YES,YES,YES,YES,YES
libraDescription,YES,YES,YES,YES,YES,YES
licenses,YES,YES,YES,YES,YES,YES
lifePhilosophy,YES,YES,YES,YES,YES,YES
lifetimeAccess,YES,YES,YES,YES,YES,YES
lifetimeDescription,YES,YES,YES,YES,YES,YES
lifetimeDuration,YES,YES,YES,YES,YES,YES
lifetimePlan,YES,YES,YES,YES,YES,YES
lifetimeProductNotAvailable,YES,YES,YES,YES,YES,YES
lightTheme,YES,YES,YES,YES,YES,YES
limited,YES,YES,YES,YES,YES,YES
limitedTo5UsesPerWeek,YES,YES,YES,YES,YES,YES
list,YES,YES,YES,YES,YES,YES
loading,YES,YES,YES,YES,YES,YES
loadingAd,YES,YES,YES,YES,YES,YES
loadingHoroscope,YES,YES,YES,YES,YES,YES
localStorageOnly,YES,YES,YES,YES,YES,YES
longTermPrediction,YES,YES,YES,YES,YES,YES
lookForInstabilityTriggers,YES,YES,YES,YES,YES,YES
love,YES,YES,YES,YES,YES,YES
loveCompatibility,YES,YES,YES,YES,YES,YES
loveLife,YES,YES,YES,YES,YES,YES
lowCompatibility,YES,YES,YES,YES,YES,YES
lowEnergyRecurrent,YES,YES,YES,YES,YES,YES
lowQuality,YES,YES,YES,YES,YES,YES
luckyColor,YES,YES,YES,YES,YES,YES
luckyColors,YES,YES,YES,YES,YES,YES
luckyElements,YES,YES,YES,YES,YES,YES
luckyNumber,YES,YES,YES,YES,YES,YES
luckyNumbers,YES,YES,YES,YES,YES,YES
madeWithLove,YES,YES,YES,YES,YES,YES
maintainCurrentRoutine,YES,YES,YES,YES,YES,YES
manageSubscription,YES,YES,YES,YES,YES,YES
manual,YES,YES,YES,YES,YES,YES
manualSync,YES,YES,YES,YES,YES,YES
march,YES,YES,YES,YES,YES,YES
mars,YES,YES,YES,YES,YES,YES
masteringProfile,YES,YES,YES,YES,YES,YES
masteringYourProfile,YES,YES,YES,YES,YES,YES
may,YES,YES,YES,YES,YES,YES
maybeLater,YES,YES,YES,YES,YES,YES
mediumQuality,YES,YES,YES,YES,YES,YES
mercurialAgile,YES,YES,YES,YES,YES,YES
mercurialReflective,YES,YES,YES,YES,YES,YES
mercury,YES,YES,YES,YES,YES,YES
message,YES,YES,YES,YES,YES,YES
mindfulness,YES,YES,YES,YES,YES,YES
mindfulness_Aries,YES,YES,YES,YES,YES,YES
mindfulness_Pisces,YES,YES,YES,YES,YES,YES
minute,YES,YES,YES,YES,YES,YES
modalAnalysis,YES,YES,YES,YES,YES,YES
moderateCompatibility,YES,YES,YES,YES,YES,YES
monday,YES,YES,YES,YES,YES,YES
mondayShort,YES,YES,YES,YES,YES,YES
money,YES,YES,YES,YES,YES,YES
month,YES,YES,YES,YES,YES,YES
monthly,YES,YES,YES,YES,YES,YES
monthlyDescription,YES,YES,YES,YES,YES,YES
monthlyDuration,YES,YES,YES,YES,YES,YES
monthlyHoroscope,YES,YES,YES,YES,YES,YES
monthlyHoroscopeNotification,YES,YES,YES,YES,YES,YES
monthlyPlan,YES,YES,YES,YES,YES,YES
monthlyPrediction,YES,YES,YES,YES,YES,YES
monthlyProductNotAvailable,YES,YES,YES,YES,YES,YES
monthlySubscription,YES,YES,YES,YES,YES,YES
mood,YES,YES,YES,YES,YES,YES
moodFocusConnection,YES,YES,YES,YES,YES,YES
moodLabel,YES,YES,YES,YES,YES,YES
moodPositiveConstant,YES,YES,YES,YES,YES,YES
moodPositivoConstante,YES,YES,YES,YES,YES,YES
moon,YES,YES,YES,YES,YES,YES
morePrecisePredictions,YES,YES,YES,YES,YES,YES
morning,YES,YES,YES,YES,YES,YES
mostPopular,YES,YES,YES,YES,YES,YES
multiple,YES,YES,YES,YES,YES,YES
mutable,YES,YES,YES,YES,YES,YES
mutableActivities,YES,YES,YES,YES,YES,YES
mutableFlexibilityAdvice,YES,YES,YES,YES,YES,YES
mutableModalityHigh,YES,YES,YES,YES,YES,YES
mute,YES,YES,YES,YES,YES,YES
myHoroscope,YES,YES,YES,YES,YES,YES
myHoroscopeTitle,YES,YES,YES,YES,YES,YES
myPredictions,YES,YES,YES,YES,YES,YES
name,YES,YES,YES,YES,YES,YES
nature,YES,YES,YES,YES,YES,YES
needBirthDateAndTime,YES,YES,YES,YES,YES,YES
neptune,YES,YES,YES,YES,YES,YES
neptunianInspiring,YES,YES,YES,YES,YES,YES
networkError,YES,YES,YES,YES,YES,YES
newAdvice,YES,YES,YES,YES,YES,YES
newFeatures,YES,YES,YES,YES,YES,YES
newItem,YES,YES,YES,YES,YES,YES
newMoon,YES,YES,YES,YES,YES,YES
newMoonAdvice,YES,YES,YES,YES,YES,YES
newMoonPhase,YES,YES,YES,YES,YES,YES
newPrediction,YES,YES,YES,YES,YES,YES
new_version,YES,YES,YES,YES,YES,YES
next,YES,YES,YES,YES,YES,YES
night,YES,YES,YES,YES,YES,YES
no,YES,YES,YES,YES,YES,YES
noActivePredictions,YES,YES,YES,YES,YES,YES
noActivePredictionsSubtitle,YES,YES,YES,YES,YES,YES
noAdvertisements,YES,YES,YES,YES,YES,YES
noCloudSharing,YES,YES,YES,YES,YES,YES
noDataAvailable,YES,YES,YES,YES,YES,YES
noHoroscopeAvailable,YES,YES,YES,YES,YES,YES
noPendingPredictions,YES,YES,YES,YES,YES,YES
noPendingPredictionsSubtitle,YES,YES,YES,YES,YES,YES
noPersonalData,YES,YES,YES,YES,YES,YES
noRecurringCharges,YES,YES,YES,YES,YES,YES
noSelected,YES,YES,YES,YES,YES,YES
noVerifiedPredictions,YES,YES,YES,YES,YES,YES
noVerifiedPredictionsSubtitle,YES,YES,YES,YES,YES,YES
noWeeklyLimits,YES,YES,YES,YES,YES,YES
none,YES,YES,YES,YES,YES,YES
notCalculated,YES,YES,YES,YES,YES,YES
notConfigured,YES,YES,YES,YES,YES,YES
notes,YES,YES,YES,YES,YES,YES
notice,YES,YES,YES,YES,YES,YES
notification,YES,YES,YES,YES,YES,YES
notificationSettings,YES,YES,YES,YES,YES,YES
notificationSettingsSavedSuccessfully,YES,YES,YES,YES,YES,YES
notificationTime,YES,YES,YES,YES,YES,YES
notifications,YES,YES,YES,YES,YES,YES
notificationsDisabled,YES,YES,YES,YES,YES,YES
notificationsEnabled,YES,YES,YES,YES,YES,YES
november,YES,YES,YES,YES,YES,YES
october,YES,YES,YES,YES,YES,YES
off,YES,YES,YES,YES,YES,YES
offline,YES,YES,YES,YES,YES,YES
offlineMode,YES,YES,YES,YES,YES,YES
ok,YES,YES,YES,YES,YES,YES
onKeyword,YES,YES,YES,YES,YES,YES
onboarding8dAnalysisDescription,YES,YES,YES,YES,YES,YES
onboarding8dAnalysisTitle,YES,YES,YES,YES,YES,YES
onboarding8dCompatibilityDescription,YES,YES,YES,YES,YES,YES
onboarding8dCompatibilityName,YES,YES,YES,YES,YES,YES
onboarding8dCompleteDescription,YES,YES,YES,YES,YES,YES
onboarding8dCompleteTitle,YES,YES,YES,YES,YES,YES
onboarding8dDimensionsDescription,YES,YES,YES,YES,YES,YES
onboarding8dDimensionsTitle,YES,YES,YES,YES,YES,YES
onboarding8dToolsDescription,YES,YES,YES,YES,YES,YES
onboarding8dToolsTitle,YES,YES,YES,YES,YES,YES
onboarding8dWelcomeDescription,YES,YES,YES,YES,YES,YES
onboarding8dWelcomeTitle,YES,YES,YES,YES,YES,YES
onboardingAIInsightExample,YES,YES,YES,YES,YES,YES
onboardingAIInsights,YES,YES,YES,YES,YES,YES
onboardingAdvancedAnalytics,YES,YES,YES,YES,YES,YES
onboardingAiCoachDescription,YES,YES,YES,YES,YES,YES
onboardingAiCoachName,YES,YES,YES,YES,YES,YES
onboardingBack,YES,YES,YES,YES,YES,YES
onboardingBasicNavigationDescription,YES,YES,YES,YES,YES,YES
onboardingBasicNavigationName,YES,YES,YES,YES,YES,YES
onboardingCoachCompleteDescription,YES,YES,YES,YES,YES,YES
onboardingCoachCompleteTitle,YES,YES,YES,YES,YES,YES
onboardingCoachGoalsDescription,YES,YES,YES,YES,YES,YES
onboardingCoachGoalsTitle,YES,YES,YES,YES,YES,YES
onboardingCoachInteractionDescription,YES,YES,YES,YES,YES,YES
onboardingCoachInteractionTitle,YES,YES,YES,YES,YES,YES
onboardingCoachIntroDescription,YES,YES,YES,YES,YES,YES
onboardingCoachIntroTitle,YES,YES,YES,YES,YES,YES
onboardingCoachWelcomeDescription,YES,YES,YES,YES,YES,YES
onboardingCoachWelcomeTitle,YES,YES,YES,YES,YES,YES
onboardingContinue,YES,YES,YES,YES,YES,YES
onboardingDashboardChartsDescription,YES,YES,YES,YES,YES,YES
onboardingDashboardChartsTitle,YES,YES,YES,YES,YES,YES
onboardingDashboardCompleteDescription,YES,YES,YES,YES,YES,YES
onboardingDashboardCompleteTitle,YES,YES,YES,YES,YES,YES
onboardingDashboardIntroDescription,YES,YES,YES,YES,YES,YES
onboardingDashboardIntroTitle,YES,YES,YES,YES,YES,YES
onboardingDashboardMetricsDescription,YES,YES,YES,YES,YES,YES
onboardingDashboardMetricsTitle,YES,YES,YES,YES,YES,YES
onboardingDashboardWelcomeDescription,YES,YES,YES,YES,YES,YES
onboardingDashboardWelcomeTitle,YES,YES,YES,YES,YES,YES
onboardingEnergy,YES,YES,YES,YES,YES,YES
onboardingExclusiveFeatures,YES,YES,YES,YES,YES,YES
onboardingFocus,YES,YES,YES,YES,YES,YES
onboardingFreeTrialMessage,YES,YES,YES,YES,YES,YES
onboardingHoroscopeDescription,YES,YES,YES,YES,YES,YES
onboardingHoroscopeTitle,YES,YES,YES,YES,YES,YES
onboardingInsightsDescription,YES,YES,YES,YES,YES,YES
onboardingIntelligentInsights,YES,YES,YES,YES,YES,YES
onboardingJournalingAnalysisDescription,YES,YES,YES,YES,YES,YES
onboardingJournalingAnalysisTitle,YES,YES,YES,YES,YES,YES
onboardingJournalingCompleteDescription,YES,YES,YES,YES,YES,YES
onboardingJournalingCompleteTitle,YES,YES,YES,YES,YES,YES
onboardingJournalingDescription,YES,YES,YES,YES,YES,YES
onboardingJournalingIntroDescription,YES,YES,YES,YES,YES,YES
onboardingJournalingIntroTitle,YES,YES,YES,YES,YES,YES
onboardingJournalingName,YES,YES,YES,YES,YES,YES
onboardingJournalingWelcomeDescription,YES,YES,YES,YES,YES,YES
onboardingJournalingWelcomeTitle,YES,YES,YES,YES,YES,YES
onboardingJournalingWritingDescription,YES,YES,YES,YES,YES,YES
onboardingJournalingWritingTitle,YES,YES,YES,YES,YES,YES
onboardingMainNavDescription,YES,YES,YES,YES,YES,YES
onboardingMainNavTitle,YES,YES,YES,YES,YES,YES
onboardingMetricEnergy,YES,YES,YES,YES,YES,YES
onboardingMetricFocus,YES,YES,YES,YES,YES,YES
onboardingMetricMood,YES,YES,YES,YES,YES,YES
onboardingMood,YES,YES,YES,YES,YES,YES
onboardingPerformanceDescription,YES,YES,YES,YES,YES,YES
onboardingPerformanceName,YES,YES,YES,YES,YES,YES
onboardingPersonalizedAdvice,YES,YES,YES,YES,YES,YES
onboardingPredictiveCompleteDescription,YES,YES,YES,YES,YES,YES
onboardingPredictiveCompleteTitle,YES,YES,YES,YES,YES,YES
onboardingPredictiveDescription,YES,YES,YES,YES,YES,YES
onboardingPredictiveIntroDescription,YES,YES,YES,YES,YES,YES
onboardingPredictiveIntroTitle,YES,YES,YES,YES,YES,YES
onboardingPredictiveName,YES,YES,YES,YES,YES,YES
onboardingPredictivePlanningDescription,YES,YES,YES,YES,YES,YES
onboardingPredictivePlanningTitle,YES,YES,YES,YES,YES,YES
onboardingPredictiveTimelineDescription,YES,YES,YES,YES,YES,YES
onboardingPredictiveTimelineTitle,YES,YES,YES,YES,YES,YES
onboardingPredictiveWelcomeDescription,YES,YES,YES,YES,YES,YES
onboardingPredictiveWelcomeTitle,YES,YES,YES,YES,YES,YES
onboardingPremiumBenefitsDescription,YES,YES,YES,YES,YES,YES
onboardingPremiumBenefitsTitle,YES,YES,YES,YES,YES,YES
onboardingPremiumCompleteDescription,YES,YES,YES,YES,YES,YES
onboardingPremiumCompleteTitle,YES,YES,YES,YES,YES,YES
onboardingPremiumDescription,YES,YES,YES,YES,YES,YES
onboardingPremiumExperience,YES,YES,YES,YES,YES,YES
onboardingPremiumFeaturesDescription,YES,YES,YES,YES,YES,YES
onboardingPremiumFeaturesTitle,YES,YES,YES,YES,YES,YES
onboardingPremiumName,YES,YES,YES,YES,YES,YES
onboardingPremiumShowcaseDescription,YES,YES,YES,YES,YES,YES
onboardingPremiumShowcaseTitle,YES,YES,YES,YES,YES,YES
onboardingPremiumTitle,YES,YES,YES,YES,YES,YES
onboardingPremiumWelcomeDescription,YES,YES,YES,YES,YES,YES
onboardingPremiumWelcomeTitle,YES,YES,YES,YES,YES,YES
onboardingSkip,YES,YES,YES,YES,YES,YES
onboardingStartJourney,YES,YES,YES,YES,YES,YES
onboardingTrackProgress,YES,YES,YES,YES,YES,YES
onboardingTrackYourProgress,YES,YES,YES,YES,YES,YES
onboardingTrackingDescription,YES,YES,YES,YES,YES,YES
onboardingTrackingTitle,YES,YES,YES,YES,YES,YES
onboardingUnlimitedAccess,YES,YES,YES,YES,YES,YES
onboardingWelcomeDescription,YES,YES,YES,YES,YES,YES
onboardingWelcomeTitle,YES,YES,YES,YES,YES,YES
oneTimePayment,YES,YES,YES,YES,YES,YES
online,YES,YES,YES,YES,YES,YES
onlineMode,YES,YES,YES,YES,YES,YES
open,YES,YES,YES,YES,YES,YES
openSourceLicenses,YES,YES,YES,YES,YES,YES
operationComplete,YES,YES,YES,YES,YES,YES
operationFailed,YES,YES,YES,YES,YES,YES
optimizationComplete,YES,YES,YES,YES,YES,YES
optimizeApp,YES,YES,YES,YES,YES,YES
optionalButRecommended,YES,YES,YES,YES,YES,YES
overallCompatibility,YES,YES,YES,YES,YES,YES
overview,YES,YES,YES,YES,YES,YES
partagerExporter,YES,YES,YES,YES,YES,YES
partnerSign,YES,YES,YES,YES,YES,YES
password,YES,YES,YES,YES,YES,YES
passwordChangeWillBeImplementedHere,YES,YES,YES,YES,YES,YES
pdfExportFeatureComingSoon,YES,YES,YES,YES,YES,YES
pending,YES,YES,YES,YES,YES,YES
pending_pendingpredictionslength,YES,YES,YES,YES,YES,YES
perMonth,YES,YES,YES,YES,YES,YES
perfectToTryFeatures,YES,YES,YES,YES,YES,YES
performance,YES,YES,YES,YES,YES,YES
permanentlyDeleteYourAccount,YES,YES,YES,YES,YES,YES
permissionRequired,YES,YES,YES,YES,YES,YES
personality,YES,YES,YES,YES,YES,YES
personalization,YES,YES,YES,YES,YES,YES
personalizeYourHoroscope,YES,YES,YES,YES,YES,YES
personalizedAdvice,YES,YES,YES,YES,YES,YES
personalizedContent,YES,YES,YES,YES,YES,YES
personalizedExplanation,YES,YES,YES,YES,YES,YES
personalizedGoals,YES,YES,YES,YES,YES,YES
personalizedHoroscope,YES,YES,YES,YES,YES,YES
personalizedHoroscopeTitle,YES,YES,YES,YES,YES,YES
personalizedHoroscopes,YES,YES,YES,YES,YES,YES
personalizedPlanetaryCycles,YES,YES,YES,YES,YES,YES
personalizedRecommendationsText,YES,YES,YES,YES,YES,YES
pisces,YES,YES,YES,YES,YES,YES
piscesDescription,YES,YES,YES,YES,YES,YES
plan,YES,YES,YES,YES,YES,YES
planet,YES,YES,YES,YES,YES,YES
planetaryAnalysis,YES,YES,YES,YES,YES,YES
pleaseWait,YES,YES,YES,YES,YES,YES
pluto,YES,YES,YES,YES,YES,YES
portuguese,YES,YES,YES,YES,YES,YES
positiveActivities,YES,YES,YES,YES,YES,YES
precision,YES,YES,YES,YES,YES,YES
preferences,YES,YES,YES,YES,YES,YES
premium,YES,YES,YES,YES,YES,YES
premiumActivated,YES,YES,YES,YES,YES,YES
premiumActivatedTest,YES,YES,YES,YES,YES,YES
premiumActive,YES,YES,YES,YES,YES,YES
premiumAnalysis,YES,YES,YES,YES,YES,YES
premiumAnalysisDescription,YES,YES,YES,YES,YES,YES
premiumAnalysisTitle,YES,YES,YES,YES,YES,YES
premiumAscendantAnalysis,YES,YES,YES,YES,YES,YES
premiumBenefits,YES,YES,YES,YES,YES,YES
premiumContent,YES,YES,YES,YES,YES,YES
premiumDeactivatedTest,YES,YES,YES,YES,YES,YES
premiumDebeComprarseEnLaPantallaPremium,YES,YES,YES,YES,YES,YES
premiumExclusiveFeatures,YES,YES,YES,YES,YES,YES
premiumFeature,YES,YES,YES,YES,YES,YES
premiumFeatures,YES,YES,YES,YES,YES,YES
premiumFunctionality,YES,YES,YES,YES,YES,YES
premiumFunctions,YES,YES,YES,YES,YES,YES
premiumImprovementTips,YES,YES,YES,YES,YES,YES
premiumSharingBenefits,YES,YES,YES,YES,YES,YES
premiumUser,YES,YES,YES,YES,YES,YES
preview,YES,YES,YES,YES,YES,YES
priceLifetime,YES,YES,YES,YES,YES,YES
pricePerMonth,YES,YES,YES,YES,YES,YES
primaryColor,YES,YES,YES,YES,YES,YES
prioritySupport,YES,YES,YES,YES,YES,YES
privacyCommitment,YES,YES,YES,YES,YES,YES
privacyDescription,YES,YES,YES,YES,YES,YES
privacyNote,YES,YES,YES,YES,YES,YES
privacyPolicy,YES,YES,YES,YES,YES,YES
privacyPolicyDialog,YES,YES,YES,YES,YES,YES
processing,YES,YES,YES,YES,YES,YES
professional,YES,YES,YES,YES,YES,YES
profile,YES,YES,YES,YES,YES,YES
pulse,YES,YES,YES,YES,YES,YES
purchaseAlreadyInProgress,YES,YES,YES,YES,YES,YES
purchaseError,YES,YES,YES,YES,YES,YES
purchaseFailed,YES,YES,YES,YES,YES,YES
purchaseRestored,YES,YES,YES,YES,YES,YES
purchaseSuccessful,YES,YES,YES,YES,YES,YES
quality,YES,YES,YES,YES,YES,YES
qualitySettings,YES,YES,YES,YES,YES,YES
rateApp,YES,YES,YES,YES,YES,YES
ratings,YES,YES,YES,YES,YES,YES
readDocument,YES,YES,YES,YES,YES,YES
ready,YES,YES,YES,YES,YES,YES
receiveDailyReminders,YES,YES,YES,YES,YES,YES
reconnecting,YES,YES,YES,YES,YES,YES
reenterYourPassword,YES,YES,YES,YES,YES,YES
refiningProfile,YES,YES,YES,YES,YES,YES
refresh,YES,YES,YES,YES,YES,YES
regularAscendantAnalysis,YES,YES,YES,YES,YES,YES
reject,YES,YES,YES,YES,YES,YES
relationshipAdvice,YES,YES,YES,YES,YES,YES
relationshipStrengths,YES,YES,YES,YES,YES,YES
relationships,YES,YES,YES,YES,YES,YES
relationships_Cancer,YES,YES,YES,YES,YES,YES
relationships_Libra,YES,YES,YES,YES,YES,YES
releaseNotes,YES,YES,YES,YES,YES,YES
reload,YES,YES,YES,YES,YES,YES
reminder,YES,YES,YES,YES,YES,YES
remove,YES,YES,YES,YES,YES,YES
renewSubscription,YES,YES,YES,YES,YES,YES
reportBug,YES,YES,YES,YES,YES,YES
reset,YES,YES,YES,YES,YES,YES
resetColors,YES,YES,YES,YES,YES,YES
resolveInconsistency,YES,YES,YES,YES,YES,YES
restActivities,YES,YES,YES,YES,YES,YES
restartAppToApplyChanges,YES,YES,YES,YES,YES,YES
restartRequired,YES,YES,YES,YES,YES,YES
restart_later,YES,YES,YES,YES,YES,YES
restart_now,YES,YES,YES,YES,YES,YES
restoreComplete,YES,YES,YES,YES,YES,YES
restoreData,YES,YES,YES,YES,YES,YES
restoreError,YES,YES,YES,YES,YES,YES
restoreFailed,YES,YES,YES,YES,YES,YES
restorePurchases,YES,YES,YES,YES,YES,YES
retryInstall,YES,YES,YES,YES,YES,YES
retryOperation,YES,YES,YES,YES,YES,YES
rulingPlanet,YES,YES,YES,YES,YES,YES
sabiduriaValorDeterminacion,YES,YES,YES,YES,YES,YES
sagittarius,YES,YES,YES,YES,YES,YES
sagittariusDescription,YES,YES,YES,YES,YES,YES
saturation,YES,YES,YES,YES,YES,YES
saturday,YES,YES,YES,YES,YES,YES
saturdayShort,YES,YES,YES,YES,YES,YES
saturn,YES,YES,YES,YES,YES,YES
saturnianDisciplined,YES,YES,YES,YES,YES,YES
save,YES,YES,YES,YES,YES,YES
saveAndPersonalize,YES,YES,YES,YES,YES,YES
saveButton,YES,YES,YES,YES,YES,YES
saveConfigurationToCloud,YES,YES,YES,YES,YES,YES
saveThisInfo,YES,YES,YES,YES,YES,YES
savedSuccessfully,YES,YES,YES,YES,YES,YES
scorpio,YES,YES,YES,YES,YES,YES
scorpioDescription,YES,YES,YES,YES,YES,YES
search,YES,YES,YES,YES,YES,YES
searchCity,YES,YES,YES,YES,YES,YES
searchForYourBirthCity,YES,YES,YES,YES,YES,YES
seasonalEnergies,YES,YES,YES,YES,YES,YES
secondSign,YES,YES,YES,YES,YES,YES
secondaryColor,YES,YES,YES,YES,YES,YES
seeAccountBenefits,YES,YES,YES,YES,YES,YES
select,YES,YES,YES,YES,YES,YES
selectASign,YES,YES,YES,YES,YES,YES
selectBirthDate,YES,YES,YES,YES,YES,YES
selectBirthDatePlease,YES,YES,YES,YES,YES,YES
selectDate,YES,YES,YES,YES,YES,YES
selectFile,YES,YES,YES,YES,YES,YES
selectFirstSign,YES,YES,YES,YES,YES,YES
selectLanguage,YES,YES,YES,YES,YES,YES
selectPartnerSign,YES,YES,YES,YES,YES,YES
selectPreferredLanguage,YES,YES,YES,YES,YES,YES
selectSecondSign,YES,YES,YES,YES,YES,YES
selectSign,YES,YES,YES,YES,YES,YES
selectSignSubtitle,YES,YES,YES,YES,YES,YES
selectSignsForCompatibility,YES,YES,YES,YES,YES,YES
selectTemplate,YES,YES,YES,YES,YES,YES
selectTime,YES,YES,YES,YES,YES,YES
selectTwoSigns,YES,YES,YES,YES,YES,YES
selectTwoSignsToKnow,YES,YES,YES,YES,YES,YES
selectYourBirthDate,YES,YES,YES,YES,YES,YES
selected,YES,YES,YES,YES,YES,YES
selectedZodiacSign,YES,YES,YES,YES,YES,YES
selfKnowledge,YES,YES,YES,YES,YES,YES
send,YES,YES,YES,YES,YES,YES
sendFeedback,YES,YES,YES,YES,YES,YES
september,YES,YES,YES,YES,YES,YES
service,YES,YES,YES,YES,YES,YES
serviceDescription,YES,YES,YES,YES,YES,YES
service_Aquarius,YES,YES,YES,YES,YES,YES
service_Virgo,YES,YES,YES,YES,YES,YES
setBirthDate,YES,YES,YES,YES,YES,YES
setBirthLocation,YES,YES,YES,YES,YES,YES
setNotificationTime,YES,YES,YES,YES,YES,YES
settings,YES,YES,YES,YES,YES,YES
settingsSavedSuccessfully,YES,YES,YES,YES,YES,YES
setupDate,YES,YES,YES,YES,YES,YES
sevenDayFreeTrialActivated,YES,YES,YES,YES,YES,YES
shareApp,YES,YES,YES,YES,YES,YES
shareCompatibilityDesc,YES,YES,YES,YES,YES,YES
shareData,YES,YES,YES,YES,YES,YES
shareError,YES,YES,YES,YES,YES,YES
shareFailedPleaseTryAgain,YES,YES,YES,YES,YES,YES
shareFeatureComingSoon,YES,YES,YES,YES,YES,YES
shareFeedback,YES,YES,YES,YES,YES,YES
shareInsightDesc,YES,YES,YES,YES,YES,YES
shareOn,YES,YES,YES,YES,YES,YES
shareSuccessful,YES,YES,YES,YES,YES,YES
sharedSuccessfully,YES,YES,YES,YES,YES,YES
sharing,YES,YES,YES,YES,YES,YES
signDateMismatch,YES,YES,YES,YES,YES,YES
signIn,YES,YES,YES,YES,YES,YES
signInCanceled,YES,YES,YES,YES,YES,YES
signInError,YES,YES,YES,YES,YES,YES
signInSuccess,YES,YES,YES,YES,YES,YES
signInWithApple,YES,YES,YES,YES,YES,YES
signNotFound,YES,YES,YES,YES,YES,YES
signOut,YES,YES,YES,YES,YES,YES
signedOutSuccessfully,YES,YES,YES,YES,YES,YES
skip,YES,YES,YES,YES,YES,YES
skipForNow,YES,YES,YES,YES,YES,YES
skipUpdate,YES,YES,YES,YES,YES,YES
slowPerformance,YES,YES,YES,YES,YES,YES
socialMedia,YES,YES,YES,YES,YES,YES
social_Gemini,YES,YES,YES,YES,YES,YES
solarAnalysis,YES,YES,YES,YES,YES,YES
solarAscendantAnalysis,YES,YES,YES,YES,YES,YES
solutions,YES,YES,YES,YES,YES,YES
sort,YES,YES,YES,YES,YES,YES
soundEffects,YES,YES,YES,YES,YES,YES
spanish,YES,YES,YES,YES,YES,YES
spanishDefault,YES,YES,YES,YES,YES,YES
specialEventsNotification,YES,YES,YES,YES,YES,YES
spirituality,YES,YES,YES,YES,YES,YES
start,YES,YES,YES,YES,YES,YES
state,YES,YES,YES,YES,YES,YES
statistics_title,YES,YES,YES,YES,YES,YES
stellarTier,YES,YES,YES,YES,YES,YES
storageUsage,YES,YES,YES,YES,YES,YES
streak,YES,YES,YES,YES,YES,YES
strengths,YES,YES,YES,YES,YES,YES
subscribe,YES,YES,YES,YES,YES,YES
subscribeMonthly,YES,YES,YES,YES,YES,YES
subscriptionActive,YES,YES,YES,YES,YES,YES
subscriptionDetails,YES,YES,YES,YES,YES,YES
subscriptionDisclaimer,YES,YES,YES,YES,YES,YES
subscriptionExpires,YES,YES,YES,YES,YES,YES
subscriptionInfo,YES,YES,YES,YES,YES,YES
subscriptionOptions,YES,YES,YES,YES,YES,YES
success,YES,YES,YES,YES,YES,YES
success_rate_label,YES,YES,YES,YES,YES,YES
suggestFeature,YES,YES,YES,YES,YES,YES
summary,YES,YES,YES,YES,YES,YES
sun,YES,YES,YES,YES,YES,YES
sunday,YES,YES,YES,YES,YES,YES
sundayShort,YES,YES,YES,YES,YES,YES
supportAndAbout,YES,YES,YES,YES,YES,YES
supportedFormats,YES,YES,YES,YES,YES,YES
symbol,YES,YES,YES,YES,YES,YES
syncComplete,YES,YES,YES,YES,YES,YES
syncData,YES,YES,YES,YES,YES,YES
syncFailed,YES,YES,YES,YES,YES,YES
syncInProgress,YES,YES,YES,YES,YES,YES
syncNow,YES,YES,YES,YES,YES,YES
syncYourDataAcrossDevices,YES,YES,YES,YES,YES,YES
systemDefault,YES,YES,YES,YES,YES,YES
systemTheme,YES,YES,YES,YES,YES,YES
tap_anywhere_continue,YES,YES,YES,YES,YES,YES
taurus,YES,YES,YES,YES,YES,YES
taurusDescription,YES,YES,YES,YES,YES,YES
technicalProblems,YES,YES,YES,YES,YES,YES
tellMeHowYouFeel,YES,YES,YES,YES,YES,YES
termsAndPrivacy,YES,YES,YES,YES,YES,YES
termsDescription,YES,YES,YES,YES,YES,YES
termsOfService,YES,YES,YES,YES,YES,YES
termsOfUse,YES,YES,YES,YES,YES,YES
testNotificationSentCheckYourNotificationPanel,YES,YES,YES,YES,YES,YES
testSent,YES,YES,YES,YES,YES,YES
testingPremium,YES,YES,YES,YES,YES,YES
testingPremiumDesc,YES,YES,YES,YES,YES,YES
textColor,YES,YES,YES,YES,YES,YES
thanksForFeedback,YES,YES,YES,YES,YES,YES
theme,YES,YES,YES,YES,YES,YES
this_week_label,YES,YES,YES,YES,YES,YES
thursday,YES,YES,YES,YES,YES,YES
thursdayShort,YES,YES,YES,YES,YES,YES
tierCosmicDesc,YES,YES,YES,YES,YES,YES
tierFreeDesc,YES,YES,YES,YES,YES,YES
tierStellarDesc,YES,YES,YES,YES,YES,YES
tierUniverseDesc,YES,YES,YES,YES,YES,YES
timeForCosmicCheckIn,YES,YES,YES,YES,YES,YES
timeNotSelected,YES,YES,YES,YES,YES,YES
timeSelected,YES,YES,YES,YES,YES,YES
timeline,YES,YES,YES,YES,YES,YES
timelineDeCompatibilite,YES,YES,YES,YES,YES,YES
tips,YES,YES,YES,YES,YES,YES
today,YES,YES,YES,YES,YES,YES
todaysHoroscope,YES,YES,YES,YES,YES,YES
top_categories_label,YES,YES,YES,YES,YES,YES
totalSpace,YES,YES,YES,YES,YES,YES
total_completed_label,YES,YES,YES,YES,YES,YES
trackCosmicPredictions,YES,YES,YES,YES,YES,YES
trialValidFor7Days,YES,YES,YES,YES,YES,YES
troubleshooting,YES,YES,YES,YES,YES,YES
tryAgain,YES,YES,YES,YES,YES,YES
tuesday,YES,YES,YES,YES,YES,YES
tuesdayShort,YES,YES,YES,YES,YES,YES
tutorial,YES,YES,YES,YES,YES,YES
unavailable,YES,YES,YES,YES,YES,YES
understandingCycle,YES,YES,YES,YES,YES,YES
understandingYourCycle,YES,YES,YES,YES,YES,YES
understood,YES,YES,YES,YES,YES,YES
universalInfluence,YES,YES,YES,YES,YES,YES
universeTier,YES,YES,YES,YES,YES,YES
unknownProduct,YES,YES,YES,YES,YES,YES
unlimitedAccess,YES,YES,YES,YES,YES,YES
unlimitedAccessLower,YES,YES,YES,YES,YES,YES
unlimitedCompatibilityReports,YES,YES,YES,YES,YES,YES
unlimitedCosmicCoachAccess,YES,YES,YES,YES,YES,YES
unlimitedUsage,YES,YES,YES,YES,YES,YES
unlockCompleteAscendantAnalysis,YES,YES,YES,YES,YES,YES
unlockDetailedAnalysis,YES,YES,YES,YES,YES,YES
unlockExclusiveFeatures,YES,YES,YES,YES,YES,YES
unlockPremium,YES,YES,YES,YES,YES,YES
unlockPremiumPower,YES,YES,YES,YES,YES,YES
unlockPremiumSharing,YES,YES,YES,YES,YES,YES
unlockUnlimitedHoroscopes,YES,YES,YES,YES,YES,YES
unmute,YES,YES,YES,YES,YES,YES
update,YES,YES,YES,YES,YES,YES
updateAvailable,YES,YES,YES,YES,YES,YES
updateLater,YES,YES,YES,YES,YES,YES
updateNow,YES,YES,YES,YES,YES,YES
updateToCorrectSign,YES,YES,YES,YES,YES,YES
update_available,YES,YES,YES,YES,YES,YES
updates,YES,YES,YES,YES,YES,YES
upgradeToPremium,YES,YES,YES,YES,YES,YES
upgradeToPremiumBtn,YES,YES,YES,YES,YES,YES
upgradeToPremiumTooltip,YES,YES,YES,YES,YES,YES
upgradeToUnlockAll,YES,YES,YES,YES,YES,YES
upgrade_to_access,YES,YES,YES,YES,YES,YES
uploading,YES,YES,YES,YES,YES,YES
uranianInnovative,YES,YES,YES,YES,YES,YES
uranus,YES,YES,YES,YES,YES,YES
useCurrentLocation,YES,YES,YES,YES,YES,YES
useLocation,YES,YES,YES,YES,YES,YES
usedSpace,YES,YES,YES,YES,YES,YES
userProfileEditingWillBeImplementedHere,YES,YES,YES,YES,YES,YES
usingAsGuest,YES,YES,YES,YES,YES,YES
venus,YES,YES,YES,YES,YES,YES
verify,YES,YES,YES,YES,YES,YES
verifyNow,YES,YES,YES,YES,YES,YES
version,YES,YES,YES,YES,YES,YES
veryGood,YES,YES,YES,YES,YES,YES
view,YES,YES,YES,YES,YES,YES
viewAnalysis,YES,YES,YES,YES,YES,YES
virgo,YES,YES,YES,YES,YES,YES
virgoDescription,YES,YES,YES,YES,YES,YES
volume,YES,YES,YES,YES,YES,YES
waningCrescent,YES,YES,YES,YES,YES,YES
waningGibbous,YES,YES,YES,YES,YES,YES
waningMoonAdvice,YES,YES,YES,YES,YES,YES
waningMoonPhase,YES,YES,YES,YES,YES,YES
warning,YES,YES,YES,YES,YES,YES
water,YES,YES,YES,YES,YES,YES
waterActivities,YES,YES,YES,YES,YES,YES
waterElementAdvice,YES,YES,YES,YES,YES,YES
waterElementLowMood,YES,YES,YES,YES,YES,YES
waterEnergyEmotional,YES,YES,YES,YES,YES,YES
waterEnergyIntuitive,YES,YES,YES,YES,YES,YES
waxingCrescent,YES,YES,YES,YES,YES,YES
waxingGibbous,YES,YES,YES,YES,YES,YES
waxingMoonAdvice,YES,YES,YES,YES,YES,YES
waxingMoonPhase,YES,YES,YES,YES,YES,YES
weaknesses,YES,YES,YES,YES,YES,YES
wednesday,YES,YES,YES,YES,YES,YES
wednesdayShort,YES,YES,YES,YES,YES,YES
week,YES,YES,YES,YES,YES,YES
weekly,YES,YES,YES,YES,YES,YES
weeklyEvolution,YES,YES,YES,YES,YES,YES
weeklyHoroscope,YES,YES,YES,YES,YES,YES
weeklyHoroscopeNotification,YES,YES,YES,YES,YES,YES
weeklyMonthlyPredictions,YES,YES,YES,YES,YES,YES
weeklyPrediction,YES,YES,YES,YES,YES,YES
weeklyUsesRemaining,YES,YES,YES,YES,YES,YES
wellness,YES,YES,YES,YES,YES,YES
wellness_Cancer,YES,YES,YES,YES,YES,YES
wellness_Libra,YES,YES,YES,YES,YES,YES
wellness_Taurus,YES,YES,YES,YES,YES,YES
wellness_Virgo,YES,YES,YES,YES,YES,YES
whatWouldYouLikeToDo,YES,YES,YES,YES,YES,YES
whatsNew,YES,YES,YES,YES,YES,YES
whatsYourSign,YES,YES,YES,YES,YES,YES
whyBirthDate,YES,YES,YES,YES,YES,YES
whyYourBirthDate,YES,YES,YES,YES,YES,YES
withAI,YES,YES,YES,YES,YES,YES
work,YES,YES,YES,YES,YES,YES
yearly,YES,YES,YES,YES,YES,YES
yearlyHoroscope,YES,YES,YES,YES,YES,YES
yearlyPrediction,YES,YES,YES,YES,YES,YES
yes,YES,YES,YES,YES,YES,YES
youArePremiumUser,YES,YES,YES,YES,YES,YES
yourAscendantIs,YES,YES,YES,YES,YES,YES
yourAscendantSign,YES,YES,YES,YES,YES,YES
yourBirthDateIndicates,YES,YES,YES,YES,YES,YES
yourCosmicAdviceOfTheDay,YES,YES,YES,YES,YES,YES
yourCosmicGoals,YES,YES,YES,YES,YES,YES
yourCosmicProgress,YES,YES,YES,YES,YES,YES
yourPartner,YES,YES,YES,YES,YES,YES
yourPersonalAstrologicalAI,YES,YES,YES,YES,YES,YES
yourSign,YES,YES,YES,YES,YES,YES
yourStats,YES,YES,YES,YES,YES,YES
yourZodiacSign,YES,YES,YES,YES,YES,YES
zodiacPremium,YES,YES,YES,YES,YES,YES
zodiacSign,YES,YES,YES,YES,YES,YES
